dziel,;http://korpusy.klf.uw.edu.pl/djvus/linde-t/01/index.djvu?djvuopts&page=731&highlight=2307,3002,716,30;*DZIEL — *DZIEL adv.,;*⟦DZIEL — DZIEL⟧ adv.
dworazny;http://korpusy.klf.uw.edu.pl/djvus/linde-t/01/index.djvu?djvuopts&page=699&highlight=2607,2083,954,24; [(*DWORAZNY ob. Dwurazny)];(*~ ob. Dwurazny)
drewutnia;http://korpusy.klf.uw.edu.pl/djvus/linde-t/01/index.djvu?djvuopts&page=675&highlight=2870,2769,532,49; [[DREWUTNIA. 3]];[~. 3]
żachnąć;http://korpusy.klf.uw.edu.pl/djvus/linde-t/01/index.djvu?djvuopts&page=676&highlight=912,5367,642,79; [[ŻACHNĄĆ się. 1]];[~ się. 1]
we;http://korpusy.klf.uw.edu.pl/djvus/linde-t/01/index.djvu?djvuopts&page=698&highlight=453,5642,593,43; [we DWÓJNASÓB];⟦we DWÓJNASÓB⟧
dwójnasób;http://korpusy.klf.uw.edu.pl/djvus/linde-t/01/index.djvu?djvuopts&page=698&highlight=453,5642,593,43; [we DWÓJNASÓB];⟦we DWÓJNASÓB⟧
dubla;http://korpusy.klf.uw.edu.pl/djvus/linde-t/01/index.djvu?djvuopts&page=682&highlight=416,4417,1463,55; [DUBLA, DUBLET, DUBLOWKA ob. Dupla.];ob. Dupla.
dublet;http://korpusy.klf.uw.edu.pl/djvus/linde-t/01/index.djvu?djvuopts&page=682&highlight=416,4417,1463,55; [DUBLA, DUBLET, DUBLOWKA ob. Dupla.];ob. Dupla.
dublowka;http://korpusy.klf.uw.edu.pl/djvus/linde-t/01/index.djvu?djvuopts&page=682&highlight=416,4417,1463,55; [DUBLA, DUBLET, DUBLOWKA ob. Dupla.];ob. Dupla.
Dubrowica;http://korpusy.klf.uw.edu.pl/djvus/linde-t/01/index.djvu?djvuopts&page=682&highlight=496,3884,1829,80; [DUBROWICA, DUBROWNA ob. Dąbrowica, Dąbrowne.];ob. Dąbrowica, Dąbrowne.
Dubrowna;http://korpusy.klf.uw.edu.pl/djvus/linde-t/01/index.djvu?djvuopts&page=682&highlight=496,3884,1829,80; [DUBROWICA, DUBROWNA ob. Dąbrowica, Dąbrowne.];ob. Dąbrowica, Dąbrowne.
dwojko;http://korpusy.klf.uw.edu.pl/djvus/linde-t/01/index.djvu?djvuopts&page=697&highlight=2582,2340,1463,37; [DWOJKO, Dwojgo ob. Dwoje, Gen. dwojga.];ob. Dwoje, Gen. dwojga.
dwojgo ;http://korpusy.klf.uw.edu.pl/djvus/linde-t/01/index.djvu?djvuopts&page=697&highlight=2582,2340,1463,37; [DWOJKO, Dwojgo ob. Dwoje, Gen. dwojga.];ob. Dwoje, Gen. dwojga.
drążyć;http://korpusy.klf.uw.edu.pl/djvus/linde-t/01/index.djvu?djvuopts&page=660&highlight=2466,2953,1646,73; [DRĄŻYĆ, DRĄŻYCIEL, DRĄŻYDŁO ob. Drożyć,];ob. Drożyć,
drążyciel;http://korpusy.klf.uw.edu.pl/djvus/linde-t/01/index.djvu?djvuopts&page=660&highlight=2466,2953,1646,73; [DRĄŻYĆ, DRĄŻYCIEL, DRĄŻYDŁO ob. Drożyć,];ob. Drożyć,
drążydło;http://korpusy.klf.uw.edu.pl/djvus/linde-t/01/index.djvu?djvuopts&page=660&highlight=2466,2953,1646,73; [DRĄŻYĆ, DRĄŻYCIEL, DRĄŻYDŁO ob. Drożyć,];ob. Drożyć,
chrobry;http://korpusy.klf.uw.edu.pl/djvus/linde-t/01/index.djvu?djvuopts&page=393&highlight=2356,1080,1757,66; [*CHROBRY, *CHRABRY, *CHOBRY, *CHABRY0, a. e,];*~ , a. e,
chrabry;http://korpusy.klf.uw.edu.pl/djvus/linde-t/01/index.djvu?djvuopts&page=393&highlight=2356,1080,1757,66; [*CHROBRY, *CHRABRY, *CHOBRY, *CHABRY, a. e,];*~ , a. e,
chobry,;http://korpusy.klf.uw.edu.pl/djvus/linde-t/01/index.djvu?djvuopts&page=393&highlight=2356,1080,1757,66; [*CHROBRY, *CHRABRY, *CHOBRY, *CHABRY, a. e,];*~ , a. e,
chabry,;http://korpusy.klf.uw.edu.pl/djvus/linde-t/01/index.djvu?djvuopts&page=393&highlight=2356,1080,1757,66; [*CHROBRY, *CHRABRY, *CHOBRY, *CHABRY, a. e,];*~ , a. e,
na;http://korpusy.klf.uw.edu.pl/djvus/linde-t/01/index.djvu?djvuopts&page=216&highlight=2905,1899,439,86; [na BEZBOK,];⟦na BEZBOK⟧
bezbok;http://korpusy.klf.uw.edu.pl/djvus/linde-t/01/index.djvu?djvuopts&page=216&highlight=2905,1899,439,86; [na BEZBOK,];⟦na BEZBOK⟧
na bezbok;http://korpusy.klf.uw.edu.pl/djvus/linde-t/01/index.djvu?djvuopts&page=216&highlight=2905,1899,439,86; [na BEZBOK,];⟦na BEZBOK⟧
da;http://djvu.szukajwslownikach.uw.edu.pl/linde-t/01/index.djvu?djvuopts&page=531&zoom=width&showposition=0.256,0.404&highlight=240,2460,395,90; [DA DA DA];⟦DA DA DA⟧
da da da;http://djvu.szukajwslownikach.uw.edu.pl/linde-t/01/index.djvu?djvuopts&page=531&zoom=width&showposition=0.256,0.404&highlight=240,2460,395,90; [DA DA DA];⟦DA DA DA⟧
doszedł;http://korpusy.klf.uw.edu.pl/djvus/linde-t/01/index.djvu?djvuopts&page=641&highlight=2331,4944,2093,147; [DOSZEDŁ, DOSZŁA, DOSZŁY, DOSZŁOŚĆ, *DOSZTO, ob. Dójść.];ob. Dójść.
doszła;http://korpusy.klf.uw.edu.pl/djvus/linde-t/01/index.djvu?djvuopts&page=641&highlight=2331,4944,2093,147; [DOSZEDŁ, DOSZŁA, DOSZŁY, DOSZŁOŚĆ, *DOSZTO, ob. Dójść.];ob. Dójść.
doszły;http://korpusy.klf.uw.edu.pl/djvus/linde-t/01/index.djvu?djvuopts&page=641&highlight=2331,4944,2093,147; [DOSZEDŁ, DOSZŁA, DOSZŁY, DOSZŁOŚĆ, *DOSZTO, ob. Dójść.];ob. Dójść.
doszłość;http://korpusy.klf.uw.edu.pl/djvus/linde-t/01/index.djvu?djvuopts&page=641&highlight=2331,4944,2093,147; [DOSZEDŁ, DOSZŁA, DOSZŁY, DOSZŁOŚĆ, *DOSZTO, ob. Dójść.];ob. Dójść.
doszto;http://korpusy.klf.uw.edu.pl/djvus/linde-t/01/index.djvu?djvuopts&page=641&highlight=2331,4944,2093,147; [DOSZEDŁ, DOSZŁA, DOSZŁY, DOSZŁOŚĆ, *DOSZTO, ob. Dójść.];*~ , ob. Dójść.
baś;http://korpusy.klf.uw.edu.pl/djvus/linde-t/01/index.djvu?djvuopts&page=192&highlight=354,4223,959,96; [BAŚ, BAŚ, BASIU, BASIU!];⟦BAŚ, BAŚ, BASIU, BASIU!⟧
baś baś;http://korpusy.klf.uw.edu.pl/djvus/linde-t/01/index.djvu?djvuopts&page=192&highlight=354,4223,959,96; [BAŚ, BAŚ, BASIU, BASIU!];⟦BAŚ, BAŚ, BASIU, BASIU!⟧
basiu;http://korpusy.klf.uw.edu.pl/djvus/linde-t/01/index.djvu?djvuopts&page=192&highlight=354,4223,959,96; [BAŚ, BAŚ, BASIU, BASIU!];⟦BAŚ, BAŚ, BASIU, BASIU!⟧
basiu basiu;http://korpusy.klf.uw.edu.pl/djvus/linde-t/01/index.djvu?djvuopts&page=192&highlight=354,4223,959,96; [BAŚ, BAŚ, BASIU, BASIU!];⟦BAŚ, BAŚ, BASIU, BASIU!⟧
baź;http://korpusy.klf.uw.edu.pl/djvus/linde-t/01/index.djvu?djvuopts&page=192&highlight=1673,4241,767,60; [baź, baź i baziu, baziu!];⟦baź, baź i baziu, baziu⟧
baż baź;http://korpusy.klf.uw.edu.pl/djvus/linde-t/01/index.djvu?djvuopts&page=192&highlight=1673,4241,767,60; [baź, baź i baziu, baziu!];⟦baź, baź i baziu, baziu⟧
baziu;http://korpusy.klf.uw.edu.pl/djvus/linde-t/01/index.djvu?djvuopts&page=192&highlight=1673,4241,767,60; [baź, baź i baziu, baziu!];⟦baź, baź i baziu, baziu⟧
baziu baziu;http://korpusy.klf.uw.edu.pl/djvus/linde-t/01/index.djvu?djvuopts&page=192&highlight=1673,4241,767,60; [baź, baź i baziu, baziu!];⟦baź, baź i baziu, baziu⟧
będą;http://korpusy.klf.uw.edu.pl/djvus/linde-t/01/index.djvu?djvuopts&page=199&highlight=228,1464,1223,96; [BĘDĄ BĘDĄCY BĘDĘ, vide Być];vide Być
będący;http://korpusy.klf.uw.edu.pl/djvus/linde-t/01/index.djvu?djvuopts&page=199&highlight=228,1464,1223,96; [BĘDĄ BĘDĄCY BĘDĘ, vide Być];vide Być
będę;http://korpusy.klf.uw.edu.pl/djvus/linde-t/01/index.djvu?djvuopts&page=199&highlight=228,1464,1223,96; [BĘDĄ BĘDĄCY BĘDĘ, vide Być];vide Być
beknąć;http://korpusy.klf.uw.edu.pl/djvus/linde-t/01/index.djvu?djvuopts&page=200&highlight=2446,936,1720,108; [BEKNĄĆ vide Beczeć. BĘKNĄĆ vide Bęczeć];vide Beczeć.
bęknąć;http://korpusy.klf.uw.edu.pl/djvus/linde-t/01/index.djvu?djvuopts&page=200&highlight=2446,936,1720,108; [BEKNĄĆ vide Beczeć. BĘKNĄĆ vide Bęczeć];vide Bęczeć
będzie;http://korpusy.klf.uw.edu.pl/djvus/linde-t/01/index.djvu?djvuopts&page=200&highlight=323,5283,1081,97; [BĘDZIE, BĘDZIEMY vide Być.];vide Być.
będziemy;http://korpusy.klf.uw.edu.pl/djvus/linde-t/01/index.djvu?djvuopts&page=200&highlight=323,5283,1081,97; [BĘDZIE, BĘDZIEMY vide Być.];vide Być.
berzana;http://korpusy.klf.uw.edu.pl/djvus/linde-t/01/index.djvu?djvuopts&page=203&highlight=232,2028,1300,201; [BERZANA, BERZANKA ob. Barwena];ob. Barwena
berzanka;http://korpusy.klf.uw.edu.pl/djvus/linde-t/01/index.djvu?djvuopts&page=203&highlight=232,2028,1300,201; [BERZANA, BERZANKA ob. Barwena];ob. Barwena
nadnijdzie;http://korpusy.klf.uw.edu.pl/djvus/linde-t/03/index.djvu?djvuopts&page=220&highlight=2467,1903,1574,134; [NADNIJDZIE, NADEJDZIE, ob. Nadchodzić];ob. Nadchodzić
nadejdzie;http://korpusy.klf.uw.edu.pl/djvus/linde-t/03/index.djvu?djvuopts&page=220&highlight=2467,1903,1574,134; [NADNIJDZIE, NADEJDZIE, ob. Nadchodzić];ob. Nadchodzić
biała;http://korpusy.klf.uw.edu.pl/djvus/linde-t/01/index.djvu?djvuopts&page=223&highlight=2325,4282,1096,104; [BIAŁA GŁOWA ob. Białogłowa.];⟦BIAŁA GŁOWA⟧ ob. Białogłowa.
biała głowa;http://korpusy.klf.uw.edu.pl/djvus/linde-t/01/index.djvu?djvuopts&page=223&highlight=2325,4282,1096,104; [BIAŁA GŁOWA ob. Białogłowa.];⟦BIAŁA GŁOWA⟧ ob. Białogłowa.
głowa;http://korpusy.klf.uw.edu.pl/djvus/linde-t/01/index.djvu?djvuopts&page=223&highlight=2325,4282,1096,104; [BIAŁA GŁOWA ob. Białogłowa.];⟦BIAŁA GŁOWA⟧ ob. Białogłowa.
bielusienki;http://korpusy.klf.uw.edu.pl/djvus/linde-t/01/index.djvu?djvuopts&page=236&highlight=3035,4582,1499,111; [BIELUSIENKI, BIELUSKI, BIELUTKI ob. Bieluchny];ob. Bieluchny
bieluski;http://korpusy.klf.uw.edu.pl/djvus/linde-t/01/index.djvu?djvuopts&page=236&highlight=3035,4582,1499,111; [BIELUSIENKI, BIELUSKI, BIELUTKI ob. Bieluchny];ob. Bieluchny
bielutki;http://korpusy.klf.uw.edu.pl/djvus/linde-t/01/index.djvu?djvuopts&page=236&highlight=3035,4582,1499,111; [BIELUSIENKI, BIELUSKI, BIELUTKI ob. Bieluchny];ob. Bieluchny
Błażkowa;http://korpusy.klf.uw.edu.pl/djvus/linde-t/01/index.djvu?djvuopts&page=249&highlight=575,4754,1316,86; [BŁAŻKOWA, BŁAŻKÓWNA ob. Błażek.];ob. Błażek.
Błażkówna;http://korpusy.klf.uw.edu.pl/djvus/linde-t/01/index.djvu?djvuopts&page=249&highlight=575,4754,1316,86; [BŁAŻKOWA, BŁAŻKÓWNA ob. Błażek.];ob. Błażek.
bodąc;http://korpusy.klf.uw.edu.pl/djvus/linde-t/01/index.djvu?djvuopts&page=264&highlight=343,1280,1015,80; [BODĄC, BODĄCY, ob. BÓŚĆ];ob. BÓŚĆ
bodący;http://korpusy.klf.uw.edu.pl/djvus/linde-t/01/index.djvu?djvuopts&page=264&highlight=343,1280,1015,80; [BODĄC, BODĄCY, ob. BÓŚĆ];ob. BÓŚĆ
bręga;http://korpusy.klf.uw.edu.pl/djvus/linde-t/01/index.djvu?djvuopts&page=298&highlight=373,3547,1597,49; [BRĘGA, BRĘGOWAC, BRĘGOWIEC ob. Pręga.];ob. Pręga.
bręgowac;http://korpusy.klf.uw.edu.pl/djvus/linde-t/01/index.djvu?djvuopts&page=298&highlight=373,3547,1597,49; [BRĘGA, BRĘGOWAC, BRĘGOWIEC ob. Pręga.];ob. Pręga.
bręgowiec;http://korpusy.klf.uw.edu.pl/djvus/linde-t/01/index.djvu?djvuopts&page=298&highlight=373,3547,1597,49; [BRĘGA, BRĘGOWAC, BRĘGOWIEC ob. Pręga.];ob. Pręga.
brząkać;http://korpusy.klf.uw.edu.pl/djvus/linde-t/01/index.djvu?djvuopts&page=310&highlight=2490,3130,1640,99; [BRZĄKAĆ, BRZĄKNĄĆ ob. Brzękać, Brzęk.];ob. Brzękać, Brzęk.
brząknąć;http://korpusy.klf.uw.edu.pl/djvus/linde-t/01/index.djvu?djvuopts&page=310&highlight=2490,3130,1640,99; [BRZĄKAĆ, BRZĄKNĄĆ ob. Brzękać, Brzęk.];ob. Brzękać, Brzęk.
buba;http://korpusy.klf.uw.edu.pl/djvus/linde-t/01/index.djvu?djvuopts&page=318&highlight=2472,888,814,62; [BUBA, BUBO ob. Bobo.];ob. Bobo.
bubo;http://korpusy.klf.uw.edu.pl/djvus/linde-t/01/index.djvu?djvuopts&page=318&highlight=2472,888,814,62; [BUBA, BUBO ob. Bobo.];ob. Bobo.
burdowie;http://korpusy.klf.uw.edu.pl/djvus/linde-t/01/index.djvu?djvuopts&page=329&highlight=226,2659,1096,104; [BURDOWIE, BURDY ob. Burda];ob. Burda
burdy;http://korpusy.klf.uw.edu.pl/djvus/linde-t/01/index.djvu?djvuopts&page=329&highlight=226,2659,1096,104; [BURDOWIE, BURDY ob. Burda];ob. Burda
burk;http://korpusy.klf.uw.edu.pl/djvus/linde-t/01/index.djvu?djvuopts&page=329&highlight=2319,4466,1469,116; [BURK, BURKOWAĆ ob. Bruk, Brukować];ob. Bruk, Brukować
burkować;http://korpusy.klf.uw.edu.pl/djvus/linde-t/01/index.djvu?djvuopts&page=329&highlight=2319,4466,1469,116; [BURK, BURKOWAĆ ob. Bruk, Brukować];ob. Bruk, Brukować
byś;http://korpusy.klf.uw.edu.pl/djvus/linde-t/01/index.djvu?djvuopts&page=340&highlight=2488,3864,1055,102; [BYŚ, BYSIEK ob. Byk, Bycze];ob. Byk, Bycze
bysiek;http://korpusy.klf.uw.edu.pl/djvus/linde-t/01/index.djvu?djvuopts&page=340&highlight=2488,3864,1055,102; [BYŚ, BYSIEK ob. Byk, Bycze];ob. Byk, Bycze
całusieńki;http://korpusy.klf.uw.edu.pl/djvus/linde-t/01/index.djvu?djvuopts&page=348&highlight=2472,1237,1463,74; [CAŁUSIEŃKI, CALUTENKI ob. Całuchny.];ob. Całuchny.
calutenki;http://korpusy.klf.uw.edu.pl/djvus/linde-t/01/index.djvu?djvuopts&page=348&highlight=2472,1237,1463,74; [CAŁUSIEŃKI, CALUTENKI ob. Całuchny.];ob. Całuchny.
chechot;http://korpusy.klf.uw.edu.pl/djvus/linde-t/01/index.djvu?djvuopts&page=367&highlight=2295,3222,1744,74; [CHECHOT, CHECHOTAĆ ob. Chychot, Chychotać.];ob. Chychot, Chychotać.
chechotać;http://korpusy.klf.uw.edu.pl/djvus/linde-t/01/index.djvu?djvuopts&page=367&highlight=2295,3222,1744,74; [CHECHOT, CHECHOTAĆ ob. Chychot, Chychotać.];ob. Chychot, Chychotać.
cię;http://korpusy.klf.uw.edu.pl/djvus/linde-t/01/index.djvu?djvuopts&page=422&highlight=2478,1054,741,67; [CIĘ, CIEBIE ob. Ty.];ob. Ty.
ciebie ;http://korpusy.klf.uw.edu.pl/djvus/linde-t/01/index.djvu?djvuopts&page=422&highlight=2478,1054,741,67; [CIĘ, CIEBIE ob. Ty.];ob. Ty.
ciekący;http://korpusy.klf.uw.edu.pl/djvus/linde-t/01/index.djvu?djvuopts&page=424&highlight=2955,3210,1518,80; [CIEKĄCY, CIEKĄTSZY, CIEKĄCIEJSZY ob.];ob.
ciekątszy;http://korpusy.klf.uw.edu.pl/djvus/linde-t/01/index.djvu?djvuopts&page=424&highlight=2955,3210,1518,80; [CIEKĄCY, CIEKĄTSZY, CIEKĄCIEJSZY ob.];ob.
ciekąciejszy;http://korpusy.klf.uw.edu.pl/djvus/linde-t/01/index.djvu?djvuopts&page=424&highlight=2955,3210,1518,80; [CIEKĄCY, CIEKĄTSZY, CIEKĄCIEJSZY ob.];ob.
cyl;http://korpusy.klf.uw.edu.pl/djvus/linde-t/01/index.djvu?djvuopts&page=468&highlight=2448,1287,1266,85; [CYL, CYLOWAĆ ob. Cel, Celować.];ob. Cel, Celować.
cylować;http://korpusy.klf.uw.edu.pl/djvus/linde-t/01/index.djvu?djvuopts&page=468&highlight=2448,1287,1266,85; [CYL, CYLOWAĆ ob. Cel, Celować.];ob. Cel, Celować.
cywa;http://korpusy.klf.uw.edu.pl/djvus/linde-t/01/index.djvu?djvuopts&page=473&highlight=2264,2242,1248,86; [CYWA, CYWKA ob. Cewa];ob. Cewa; Cewka.
cywka;http://korpusy.klf.uw.edu.pl/djvus/linde-t/01/index.djvu?djvuopts&page=473&highlight=2264,2242,1248,86; [CYWA, CYWKA ob. Cewa];ob. Cewa; Cewka.
czaczek;http://korpusy.klf.uw.edu.pl/djvus/linde-t/01/index.djvu?djvuopts&page=474&highlight=337,2150,1401,80; [CZACZEK, CZACZKO ob. Caco, Cacko.];ob. Caco, Cacko.
czaczko;http://korpusy.klf.uw.edu.pl/djvus/linde-t/01/index.djvu?djvuopts&page=474&highlight=337,2150,1401,80; [CZACZEK, CZACZKO ob. Caco, Cacko.];ob. Caco, Cacko.
czambr;http://korpusy.klf.uw.edu.pl/djvus/linde-t/01/index.djvu?djvuopts&page=475&highlight=214,968,1512,61; [CZAMBR, CZAMBROWINA ob. Cembrowina.];ob. Cembrowina.
czambrowina;http://korpusy.klf.uw.edu.pl/djvus/linde-t/01/index.djvu?djvuopts&page=475&highlight=214,968,1512,61; [CZAMBR, CZAMBROWINA ob. Cembrowina.];ob. Cembrowina.
czarownik;http://korpusy.klf.uw.edu.pl/djvus/linde-t/01/index.djvu?djvuopts&page=481&highlight=1927,1544,325,55; [Czarownik ziele ob.];⟦Czarownik ziele⟧ ob.
czarownik ziele;http://korpusy.klf.uw.edu.pl/djvus/linde-t/01/index.djvu?djvuopts&page=481&highlight=1927,1544,325,55; [Czarownik ziele ob.];⟦Czarownik ziele⟧ ob.
ziele;http://korpusy.klf.uw.edu.pl/djvus/linde-t/01/index.djvu?djvuopts&page=481&highlight=1927,1544,325,55; [Czarownik ziele ob.];⟦Czarownik ziele⟧ ob.
na;http://korpusy.klf.uw.edu.pl/djvus/linde-t/01/index.djvu?djvuopts&page=492&highlight=398,3486,385,61; [Na CZELE];⟦Na CZELE⟧
na czele;http://korpusy.klf.uw.edu.pl/djvus/linde-t/01/index.djvu?djvuopts&page=492&highlight=398,3486,385,61; [Na CZELE];⟦Na CZELE⟧
czele;http://korpusy.klf.uw.edu.pl/djvus/linde-t/01/index.djvu?djvuopts&page=492&highlight=398,3486,385,61; [Na CZELE];⟦Na CZELE⟧
czestny;http://korpusy.klf.uw.edu.pl/djvus/linde-t/01/index.djvu?djvuopts&page=502&highlight=2482,1818,1439,90; [CZESTNY, CZESTNE ob. Czesny, Czesne.];ob. Czesny, Czesne.
czestne;http://korpusy.klf.uw.edu.pl/djvus/linde-t/01/index.djvu?djvuopts&page=502&highlight=2482,1818,1439,90; [CZESTNY, CZESTNE ob. Czesny, Czesne.];ob. Czesny, Czesne.
po;http://korpusy.klf.uw.edu.pl/djvus/linde-t/01/index.djvu?djvuopts&page=503&highlight=3477,2118,486,66; [po człowieczu];⟦po człowieczu⟧
człowieczu;http://korpusy.klf.uw.edu.pl/djvus/linde-t/01/index.djvu?djvuopts&page=503&highlight=3477,2118,486,66; [po człowieczu];⟦po człowieczu⟧
czuchrać;http://korpusy.klf.uw.edu.pl/djvus/linde-t/01/index.djvu?djvuopts&page=517&highlight=210,1722,1924,66; [CZUCHRAĆ, CZOCHRAĆ, CZUCHRANIEC ob., Czechrać.];ob. Czechrać.
czochrać;http://korpusy.klf.uw.edu.pl/djvus/linde-t/01/index.djvu?djvuopts&page=517&highlight=210,1722,1924,66; [CZUCHRAĆ, CZOCHRAĆ, CZUCHRANIEC ob., Czechrać.];ob. Czechrać.
czuchraniec;http://korpusy.klf.uw.edu.pl/djvus/linde-t/01/index.djvu?djvuopts&page=517&highlight=210,1722,1924,66; [CZUCHRAĆ, CZOCHRAĆ, CZUCHRANIEC ob., Czechrać.];ob. Czechrać.
z;http://korpusy.klf.uw.edu.pl/djvus/linde-t/01/index.djvu?djvuopts&page=577&highlight=2558,4429,685,62; [Z DOBROMILSKIEJ];⟦Z DOBROMILSKIEJ⟧
dobromilskiej;http://korpusy.klf.uw.edu.pl/djvus/linde-t/01/index.djvu?djvuopts&page=577&highlight=2558,4429,685,62; [Z DOBROMILSKIEJ];⟦Z DOBROMILSKIEJ⟧
z dobromilskiej;http://korpusy.klf.uw.edu.pl/djvus/linde-t/01/index.djvu?djvuopts&page=577&highlight=2558,4429,685,62; [Z DOBROMILSKIEJ];⟦Z DOBROMILSKIEJ⟧
doszły;http://korpusy.klf.uw.edu.pl/djvus/linde-t/01/index.djvu?djvuopts&page=641&highlight=2313,4245,1108,62; [DOSZŁY, DOSZŁOŚĆ ob. Dójść.];ob. Dójść.
doszłość;http://korpusy.klf.uw.edu.pl/djvus/linde-t/01/index.djvu?djvuopts&page=641&highlight=2313,4245,1108,62; [DOSZŁY, DOSZŁOŚĆ ob. Dójść.];ob. Dójść.
dożonąc;http://korpusy.klf.uw.edu.pl/djvus/linde-t/01/index.djvu?djvuopts&page=653&highlight=3145,2359,1261,61; [DOŻONĄC, DOŻENIE ob. Dognać.];ob. Dognać.
dożenie;http://korpusy.klf.uw.edu.pl/djvus/linde-t/01/index.djvu?djvuopts&page=653&highlight=3145,2359,1261,61; [DOŻONĄC, DOŻENIE ob. Dognać.];ob. Dognać.
dryjawnik;http://korpusy.klf.uw.edu.pl/djvus/linde-t/01/index.djvu?djvuopts&page=675&highlight=2490,4674,1163,86; [Dryjawnik, ryba, DRĘTWIK. Tr.];ryba, DRĘTWIK.
drętwik;http://korpusy.klf.uw.edu.pl/djvus/linde-t/01/index.djvu?djvuopts&page=675&highlight=2490,4674,1163,86; [Dryjawnik, ryba, DRĘTWIK. Tr.];Dryjawnik, ryba, 
dwojko;http://korpusy.klf.uw.edu.pl/djvus/linde-t/01/index.djvu?djvuopts&page=697&highlight=2582,2340,1463,37; [DWOJKO, Dwojgo ob. Dwoje, Gen. dwojga.];ob. Dwoje, Gen. dwojga.
dwojgo;http://korpusy.klf.uw.edu.pl/djvus/linde-t/01/index.djvu?djvuopts&page=697&highlight=2582,2340,1463,37; [DWOJKO, Dwojgo ob. Dwoje, Gen. dwojga.];ob. Dwoje, Gen. dwojga.
dyabli;http://korpusy.klf.uw.edu.pl/djvus/linde-t/01/index.djvu?djvuopts&page=708&highlight=1444,2236,777,31; [DYABLI, DYABLE, ob.]; ob.
dyable;http://korpusy.klf.uw.edu.pl/djvus/linde-t/01/index.djvu?djvuopts&page=708&highlight=1444,2236,777,31; [DYABLI, DYABLE, ob.]; ob.
dyszkant;http://korpusy.klf.uw.edu.pl/djvus/linde-t/01/index.djvu?djvuopts&page=718&highlight=410,3860,1946,24; [DYSZKANT, DYSZKRECYA, DYSZKURS ob. Dyskant etc.];ob. Dyskant etc.
dyszkrecya;http://korpusy.klf.uw.edu.pl/djvus/linde-t/01/index.djvu?djvuopts&page=718&highlight=410,3860,1946,24; [DYSZKANT, DYSZKRECYA, DYSZKURS ob. Dyskant etc.];ob. Dyskant etc.
dyszkurs;http://korpusy.klf.uw.edu.pl/djvus/linde-t/01/index.djvu?djvuopts&page=718&highlight=410,3860,1946,24; [DYSZKANT, DYSZKRECYA, DYSZKURS ob. Dyskant etc.];ob. Dyskant etc.
dźgi;http://korpusy.klf.uw.edu.pl/djvus/linde-t/01/index.djvu?djvuopts&page=719&highlight=2276,1844,508,67; [DŹGI! DŹGA!];⟦DŹGI! DŹGA!⟧
dźgi dźgi;http://korpusy.klf.uw.edu.pl/djvus/linde-t/01/index.djvu?djvuopts&page=719&highlight=2276,1844,508,67; [DŹGI! DŹGA!];⟦DŹGI! DŹGA!⟧
dźga;http://korpusy.klf.uw.edu.pl/djvus/linde-t/01/index.djvu?djvuopts&page=719&highlight=2276,1844,508,67; [DŹGI! DŹGA!];⟦DŹGI! DŹGA!⟧
dźga dźga;http://korpusy.klf.uw.edu.pl/djvus/linde-t/01/index.djvu?djvuopts&page=719&highlight=2276,1844,508,67; [DŹGI! DŹGA!];⟦DŹGI! DŹGA!⟧
dzióra;http://korpusy.klf.uw.edu.pl/djvus/linde-t/01/index.djvu?djvuopts&page=746&highlight=349,2794,1236,24; [DZIÓRA, DZIÓRKOWAĆ ob. Dziura.];ob. Dziura.
dziórkować;http://korpusy.klf.uw.edu.pl/djvus/linde-t/01/index.djvu?djvuopts&page=746&highlight=349,2794,1236,24; [DZIÓRA, DZIÓRKOWAĆ ob. Dziura.];ob. Dziura.
dziub;http://korpusy.klf.uw.edu.pl/djvus/linde-t/01/index.djvu?djvuopts&page=747&highlight=214,4013,1928,30; [DZIUB, DZIUBAĆ, DZIUBAS, DZIUBATY ob. Dziób];ob. Dziób
dziubać;http://korpusy.klf.uw.edu.pl/djvus/linde-t/01/index.djvu?djvuopts&page=747&highlight=214,4013,1928,30; [DZIUB, DZIUBAĆ, DZIUBAS, DZIUBATY ob. Dziób];ob. Dziób
dziubas;http://korpusy.klf.uw.edu.pl/djvus/linde-t/01/index.djvu?djvuopts&page=747&highlight=214,4013,1928,30; [DZIUB, DZIUBAĆ, DZIUBAS, DZIUBATY ob. Dziób];ob. Dziób
dziubaty;http://korpusy.klf.uw.edu.pl/djvus/linde-t/01/index.djvu?djvuopts&page=747&highlight=214,4013,1928,30; [DZIUB, DZIUBAĆ, DZIUBAS, DZIUBATY ob. Dziób];ob. Dziób
ephod;http://korpusy.klf.uw.edu.pl/djvus/linde-t/01/index.djvu?djvuopts&page=760&highlight=2411,778,1046,18; [*EPHOD EFOD ob. Humerał.];*~ ob. Humerał.
efod;http://korpusy.klf.uw.edu.pl/djvus/linde-t/01/index.djvu?djvuopts&page=760&highlight=2411,778,1046,18; [*EPHOD EFOD ob. Humerał.];ob. Humerał.
flanderka;http://korpusy.klf.uw.edu.pl/djvus/linde-t/01/index.djvu?djvuopts&page=787&highlight=2240,2475,1309,31; [FLANDERKA, FLANDER, ob. Fląder];ob. Fląder
flander;http://korpusy.klf.uw.edu.pl/djvus/linde-t/01/index.djvu?djvuopts&page=787&highlight=2240,2475,1309,31; [FLANDERKA, FLANDER, ob. Fląder];ob. Fląder
fu;http://korpusy.klf.uw.edu.pl/djvus/linde-t/01/index.djvu?djvuopts&page=806&highlight=349,1329,655,37; [FU na FU ob. Fru.];⟦FU na FU⟧ ob. Fru.
fu na fu;http://korpusy.klf.uw.edu.pl/djvus/linde-t/01/index.djvu?djvuopts&page=806&highlight=349,1329,655,37; [FU na FU ob. Fru.];⟦FU na FU⟧ ob. Fru.
na;http://korpusy.klf.uw.edu.pl/djvus/linde-t/01/index.djvu?djvuopts&page=806&highlight=349,1329,655,37; [FU na FU ob. Fru.];⟦FU na FU⟧ ob. Fru.
furta;http://korpusy.klf.uw.edu.pl/djvus/linde-t/01/index.djvu?djvuopts&page=810&highlight=398,5489,1982,43; [FURTA. FURTKA, FURTYAN ob. Forta, Fórtka, Fortyan.];ob. Forta, Fórtka, Fortyan.
furtka;http://korpusy.klf.uw.edu.pl/djvus/linde-t/01/index.djvu?djvuopts&page=810&highlight=398,5489,1982,43; [FURTA. FURTKA, FURTYAN ob. Forta, Fórtka, Fortyan.];ob. Forta, Fórtka, Fortyan.
furtyan;http://korpusy.klf.uw.edu.pl/djvus/linde-t/01/index.djvu?djvuopts&page=810&highlight=398,5489,1982,43; [FURTA. FURTKA, FURTYAN ob. Forta, Fórtka, Fortyan.];ob. Forta, Fórtka, Fortyan.
fus;http://korpusy.klf.uw.edu.pl/djvus/linde-t/01/index.djvu?djvuopts&page=810&highlight=379,2089,710,31; [FUS, FUSY ob. Fuz.];ob. Fuz.
fusy;http://korpusy.klf.uw.edu.pl/djvus/linde-t/01/index.djvu?djvuopts&page=810&highlight=379,2089,710,31; [FUS, FUSY ob. Fuz.];ob. Fuz.
fuzy;http://korpusy.klf.uw.edu.pl/djvus/linde-t/01/index.djvu?djvuopts&page=810&highlight=3133,1023,636,12; [FUZY, FUSY plur.];plur.
fusy;http://korpusy.klf.uw.edu.pl/djvus/linde-t/01/index.djvu?djvuopts&page=810&highlight=3133,1023,636,12; [FUZY, FUSY plur.];plur.
doćcic;http://korpusy.klf.uw.edu.pl/djvus/linde-t/01/index.djvu?djvuopts&page=587&highlight=208,1973,1628,98; [*DOĆCIC, *DOCZCIĆ, *DOCZEDŁ ob. Doczytać.];*~  ob. Doczytać.
doczcić;http://korpusy.klf.uw.edu.pl/djvus/linde-t/01/index.djvu?djvuopts&page=587&highlight=208,1973,1628,98; [*DOĆCIC, *DOCZCIĆ, *DOCZEDŁ ob. Doczytać.];*~  ob. Doczytać.
doczedł;http://korpusy.klf.uw.edu.pl/djvus/linde-t/01/index.djvu?djvuopts&page=587&highlight=208,1973,1628,98; [*DOĆCIC, *DOCZCIĆ, *DOCZEDŁ ob. Doczytać.];*~  ob. Doczytać.
w dopadki;http://korpusy.klf.uw.edu.pl/djvus/linde-t/01/index.djvu?djvuopts&page=618&highlight=1199,2757,894,86; [W DOPADKI. adverbialiter,];⟦W DOPADKI⟧ adverbialiter
w;http://korpusy.klf.uw.edu.pl/djvus/linde-t/01/index.djvu?djvuopts&page=618&highlight=1199,2757,894,86; [W DOPADKI. adverbialiter,];⟦W DOPADKI⟧ adverbialiter
dopadki;http://korpusy.klf.uw.edu.pl/djvus/linde-t/01/index.djvu?djvuopts&page=618&highlight=1199,2757,894,86; [W DOPADKI. adverbialiter,];⟦W DOPADKI⟧ adverbialiter
na dorączu;http://korpusy.klf.uw.edu.pl/djvus/linde-t/01/index.djvu?djvuopts&page=625&highlight=2319,4919,1028,49; [na DORĄCZU ob. na Doręczu.];⟦na DORĄCZU⟧ ob. na Doręczu.
na;http://korpusy.klf.uw.edu.pl/djvus/linde-t/01/index.djvu?djvuopts&page=625&highlight=2319,4919,1028,49; [na DORĄCZU ob. na Doręczu.];⟦na DORĄCZU⟧ ob. na Doręczu.
dorączu;http://korpusy.klf.uw.edu.pl/djvus/linde-t/01/index.djvu?djvuopts&page=625&highlight=2319,4919,1028,49; [na DORĄCZU ob. na Doręczu.];⟦na DORĄCZU⟧ ob. na Doręczu.
dowiertuję;http://korpusy.klf.uw.edu.pl/djvus/linde-t/01/index.djvu?djvuopts&page=649&highlight=2313,870,1664,67; [DOWIERTUJĘ, DOWIERTYWAĆ ob. Dowiercić.];ob. Dowiercić.
dowiertywać;http://korpusy.klf.uw.edu.pl/djvus/linde-t/01/index.djvu?djvuopts&page=649&highlight=2313,870,1664,67; [DOWIERTUJĘ, DOWIERTYWAĆ ob. Dowiercić.];ob. Dowiercić.
dozdrzewać;http://korpusy.klf.uw.edu.pl/djvus/linde-t/01/index.djvu?djvuopts&page=653&highlight=214,5140,1805,55; [*DOZDRZEWAĆ, *DOZDRZEĆ ob. Doźrzeć, dojrzeć.];*~ ob. Doźrzeć, dojrzeć.
dozdrzeć;http://korpusy.klf.uw.edu.pl/djvus/linde-t/01/index.djvu?djvuopts&page=653&highlight=214,5140,1805,55; [*DOZDRZEWAĆ, *DOZDRZEĆ ob. Doźrzeć, dojrzeć.];*~ ob. Doźrzeć, dojrzeć.
drygać;http://korpusy.klf.uw.edu.pl/djvus/linde-t/01/index.djvu?djvuopts&page=675&highlight=214,5636,1132,49; [DRYGAĆ, DRYGNĄĆ ob. Drgnąć.];ob. Drgnąć.
drygnąć;http://korpusy.klf.uw.edu.pl/djvus/linde-t/01/index.djvu?djvuopts&page=675&highlight=214,5636,1132,49; [DRYGAĆ, DRYGNĄĆ ob. Drgnąć.];ob. Drgnąć.
fals;http://korpusy.klf.uw.edu.pl/djvus/linde-t/01/index.djvu?djvuopts&page=769&highlight=2325,3296,1340,55; [FALS, FALSOWAĆ ob. Falc, falcować.];ob. Falc, falcować.
falsować;http://korpusy.klf.uw.edu.pl/djvus/linde-t/01/index.djvu?djvuopts&page=769&highlight=2325,3296,1340,55; [FALS, FALSOWAĆ ob. Falc, falcować.];ob. Falc, falcować.
cmono;http://korpusy.klf.uw.edu.pl/djvus/linde-t/01/index.djvu?djvuopts&page=448&highlight=416,4080,282,80; [CMONO [Błąd druku, zam. mocno. 4].];[Błąd druku, zam. mocno. 4]
na bałyku;http://korpusy.klf.uw.edu.pl/djvus/linde-t/01/index.djvu?djvuopts&page=179&highlight=2872,3713,311,90; [na BAŁYKU];⟦na BAŁYKU⟧
na;http://korpusy.klf.uw.edu.pl/djvus/linde-t/01/index.djvu?djvuopts&page=179&highlight=2872,3713,311,90; [na BAŁYKU];⟦na BAŁYKU⟧
bałyku;http://korpusy.klf.uw.edu.pl/djvus/linde-t/01/index.djvu?djvuopts&page=179&highlight=2872,3713,311,90; [na BAŁYKU];⟦na BAŁYKU⟧
-ć;http://korpusy.klf.uw.edu.pl/djvus/linde-t/01/index.djvu?djvuopts&page=345&highlight=208,3884,428,123; [2. -ć, CI,];2. ~ -ć, CI,
ci,;http://korpusy.klf.uw.edu.pl/djvus/linde-t/01/index.djvu?djvuopts&page=345&highlight=208,3884,428,123; [2. -ć, CI,];2. ~ -ć, CI,
ku cci;http://korpusy.klf.uw.edu.pl/djvus/linde-t/01/index.djvu?djvuopts&page=351&highlight=184,3137,856,116; [ku CCI ob. Cześć, Czcić.];ob. Cześć, Czcić.
ku;http://korpusy.klf.uw.edu.pl/djvus/linde-t/01/index.djvu?djvuopts&page=351&highlight=184,3137,856,116; [ku CCI ob. Cześć, Czcić.];ob. Cześć, Czcić.
cci;http://korpusy.klf.uw.edu.pl/djvus/linde-t/01/index.djvu?djvuopts&page=351&highlight=184,3137,856,116; [ku CCI ob. Cześć, Czcić.];ob. Cześć, Czcić.
po cichu,;http://korpusy.klf.uw.edu.pl/djvus/linde-t/01/index.djvu?djvuopts&page=422&highlight=3525,2163,336,98; [Po cichu,];⟦Po cichu⟧
po;http://korpusy.klf.uw.edu.pl/djvus/linde-t/01/index.djvu?djvuopts&page=422&highlight=3525,2163,336,98; [Po cichu,];⟦Po cichu⟧
cichu;http://korpusy.klf.uw.edu.pl/djvus/linde-t/01/index.djvu?djvuopts&page=422&highlight=3525,2163,336,98; [Po cichu,];⟦Po cichu⟧
ciele piele;http://korpusy.klf.uw.edu.pl/djvus/linde-t/01/index.djvu?djvuopts&page=425&highlight=3359,3100,490,92; [CIELE PIELE];⟦CIELE PIELE⟧
ciele;http://korpusy.klf.uw.edu.pl/djvus/linde-t/01/index.djvu?djvuopts&page=425&highlight=3359,3100,490,92; [CIELE PIELE];⟦CIELE PIELE⟧
piele;http://korpusy.klf.uw.edu.pl/djvus/linde-t/01/index.djvu?djvuopts&page=425&highlight=3359,3100,490,92; [CIELE PIELE];⟦CIELE PIELE⟧
po ciemku;http://korpusy.klf.uw.edu.pl/djvus/linde-t/01/index.djvu?djvuopts&page=428&highlight=404,2689,398,62; [PO CIEMKU,];⟦PO CIEMKU⟧
ciemku;http://korpusy.klf.uw.edu.pl/djvus/linde-t/01/index.djvu?djvuopts&page=428&highlight=404,2689,398,62; [PO CIEMKU,];⟦PO CIEMKU⟧
po;http://korpusy.klf.uw.edu.pl/djvus/linde-t/01/index.djvu?djvuopts&page=428&highlight=404,2689,398,62; [PO CIEMKU,];⟦PO CIEMKU⟧
w cieście;http://korpusy.klf.uw.edu.pl/djvus/linde-t/01/index.djvu?djvuopts&page=437&highlight=245,4864,789,98; [W CIEŚCIE ob. Ciasto.];⟦W CIEŚCIE⟧ ob. Ciasto.
w;http://korpusy.klf.uw.edu.pl/djvus/linde-t/01/index.djvu?djvuopts&page=437&highlight=245,4864,789,98; [W CIEŚCIE ob. Ciasto.];⟦W CIEŚCIE⟧ ob. Ciasto.
cieście;http://korpusy.klf.uw.edu.pl/djvus/linde-t/01/index.djvu?djvuopts&page=437&highlight=245,4864,789,98; [W CIEŚCIE ob. Ciasto.];⟦W CIEŚCIE⟧ ob. Ciasto.
z cygańska;http://korpusy.klf.uw.edu.pl/djvus/linde-t/01/index.djvu?djvuopts&page=468&highlight=1646,1476,477,74; [z CYGAŃSKA];⟦z CYGAŃSKA⟧
z;http://korpusy.klf.uw.edu.pl/djvus/linde-t/01/index.djvu?djvuopts&page=468&highlight=1646,1476,477,74; [z CYGAŃSKA];⟦z CYGAŃSKA⟧
cygańska;http://korpusy.klf.uw.edu.pl/djvus/linde-t/01/index.djvu?djvuopts&page=468&highlight=1646,1476,477,74; [z CYGAŃSKA];⟦z CYGAŃSKA⟧
czymsik;http://korpusy.klf.uw.edu.pl/djvus/linde-t/01/index.djvu?djvuopts&page=523&highlight=3213,2256,1121,72; [CZYMSIK, CZYMSIS ob. Co, Coś.];ob. Co, Coś.
czymsis;http://korpusy.klf.uw.edu.pl/djvus/linde-t/01/index.djvu?djvuopts&page=523&highlight=3213,2256,1121,72; [CZYMSIK, CZYMSIS ob. Co, Coś.];ob. Co, Coś.
czy-ż;http://korpusy.klf.uw.edu.pl/djvus/linde-t/01/index.djvu?djvuopts&page=530&highlight=3222,1287,922,65; [1. CZY-Ż, CZYŻ ob. Czy.];1. ~ ob. Czy.
czyż;http://korpusy.klf.uw.edu.pl/djvus/linde-t/01/index.djvu?djvuopts&page=530&highlight=3222,1287,922,65; [1. CZY-Ż, CZYŻ ob. Czy.];1. ~ ob. Czy.
dmę;http://korpusy.klf.uw.edu.pl/djvus/linde-t/01/index.djvu?djvuopts&page=567&highlight=851,5220,715,61; [DMĘ, DMIE ob. Dąć.];ob. Dąć.
dmie;http://korpusy.klf.uw.edu.pl/djvus/linde-t/01/index.djvu?djvuopts&page=567&highlight=851,5220,715,61; [DMĘ, DMIE ob. Dąć.];ob. Dąć.
dnia;http://korpusy.klf.uw.edu.pl/djvus/linde-t/01/index.djvu?djvuopts&page=568&highlight=330,5183,747,104; [DNIA, DNI ob. Dzień.];ob. Dzień.
dni;http://korpusy.klf.uw.edu.pl/djvus/linde-t/01/index.djvu?djvuopts&page=568&highlight=330,5183,747,104; [DNIA, DNI ob. Dzień.];ob. Dzień.
dobrany;http://korpusy.klf.uw.edu.pl/djvus/linde-t/01/index.djvu?djvuopts&page=575&highlight=214,4356,1236,67; [DOBRANY, DOBRANO, ob. Dobrać.];ob. Dobrać.
dobrano;http://korpusy.klf.uw.edu.pl/djvus/linde-t/01/index.djvu?djvuopts&page=575&highlight=214,4356,1236,67; [DOBRANY, DOBRANO, ob. Dobrać.];ob. Dobrać.
drobki;http://korpusy.klf.uw.edu.pl/djvus/linde-t/01/index.djvu?djvuopts&page=664&highlight=2527,1838,796,55; [mn., DROBKI ob. Drób',];mn., ~  ob. Drób',
dzięki;http://korpusy.klf.uw.edu.pl/djvus/linde-t/01/index.djvu?djvuopts&page=730&highlight=3445,3749,710,31; [in plur. DZIĘKI, ów];in plur. ~ , ów
dzień i noc;http://korpusy.klf.uw.edu.pl/djvus/linde-t/01/index.djvu?djvuopts&page=736&highlight=465,4074,1438,43; [DZIEŃ I NOC, Melampyrum Nemorosum,];⟦DZIEŃ I NOC⟧, Melampyrum Nemorosum
dzień;http://korpusy.klf.uw.edu.pl/djvus/linde-t/01/index.djvu?djvuopts&page=736&highlight=465,4074,1438,43; [DZIEŃ I NOC, Melampyrum Nemorosum,];⟦DZIEŃ I NOC⟧, Melampyrum Nemorosum
i;http://korpusy.klf.uw.edu.pl/djvus/linde-t/01/index.djvu?djvuopts&page=736&highlight=465,4074,1438,43; [DZIEŃ I NOC, Melampyrum Nemorosum,];⟦DZIEŃ I NOC⟧, Melampyrum Nemorosum
noc;http://korpusy.klf.uw.edu.pl/djvus/linde-t/01/index.djvu?djvuopts&page=736&highlight=465,4074,1438,43; [DZIEŃ I NOC, Melampyrum Nemorosum,];⟦DZIEŃ I NOC⟧, Melampyrum Nemorosum
filipowcy;http://korpusy.klf.uw.edu.pl/djvus/linde-t/01/index.djvu?djvuopts&page=783&highlight=979,4025,814,12; [w liczb. mn. FILIPOWCY];w liczb. mn. 
