LATIN SMALL LETTER W WITH ACUTE;http://djvu.szukajwslownikach.uw.edu.pl/linde-t/04/index.djvu?djvuopts&page=451&zoom=width&showposition=0.355,0.507&highlight=1782,3108,44,86#LindeNowy;U+1E83;※ ẃ
LATIN SMALL LETTER W WITH ACUTE;http://djvu.szukajwslownikach.uw.edu.pl/linde-t/06/index.djvu?djvuopts&page=1051&zoom=width&showposition=0.447,0.471&highlight=2217,3346,27,80;U+1E83;※ Ẃ
LATIN SMALL LETTER W WITH ACUTE;http://djvu.szukajwslownikach.uw.edu.pl/linde-t/01/index.djvu?djvuopts&page=310&zoom=width&showposition=0.234,0.261&highlight=999,4691,237,81;U+1E83;※ Ẃ
LATIN SMALL LETTER W WITH ACUTE;http://djvu.szukajwslownikach.uw.edu.pl/linde-t/06/index.djvu?djvuopts&page=77&zoom=width&showposition=0.759,0.811&highlight=3520,1150,218,95;U+1E83;※ Ẃ
LATIN SMALL LETTER W WITH ACUTE;http://djvu.szukajwslownikach.uw.edu.pl/linde-t/06/index.djvu?djvuopts&page=331&zoom=width&showposition=0.742,0.602&highlight=3433,2474,234,109;U+1E83;※ Ẃ
LATIN SMALL LETTER W WITH ACUTE;http://djvu.szukajwslownikach.uw.edu.pl/linde-t/04/index.djvu?djvuopts&page=59&zoom=width&showposition=0.219,0.777&highlight=910,1365,318,102;U+1E83;※ Ẃ
LATIN SMALL LETTER W WITH ACUTE;http://djvu.szukajwslownikach.uw.edu.pl/linde-t/03/index.djvu?djvuopts&page=591&zoom=width&showposition=0.174,0.167&highlight=752,5260,247,61;U+1E83;※ Ẃ
LATIN SMALL LETTER W WITH ACUTE;http://djvu.szukajwslownikach.uw.edu.pl/linde-t/05/index.djvu?djvuopts&page=199&zoom=width&showposition=0.377,0.690&highlight=1639,1927,362,90;U+1E83;※ Ẃ
LATIN SMALL LETTER W WITH ACUTE;http://djvu.szukajwslownikach.uw.edu.pl/linde-t/02/index.djvu?djvuopts&page=248&zoom=width&showposition=0.856,0.371&highlight=3970,3930,223,139;U+1E83;※ Ẃ 
LATIN SMALL LETTER W WITH ACUTE;http://djvu.szukajwslownikach.uw.edu.pl/linde-t/06/index.djvu?djvuopts&page=755&zoom=width&showposition=0.615,0.426&highlight=2856,3637,258,79;U+1E83;※ Ẃ
LATIN SMALL LETTER W WITH ACUTE;http://djvu.szukajwslownikach.uw.edu.pl/linde-t/06/index.djvu?djvuopts&page=753&zoom=width&showposition=0.884,0.836&highlight=4126,992,302,124;U+1E83;※ Ẃ
LATIN SMALL LETTER W WITH ACUTE;http://djvu.szukajwslownikach.uw.edu.pl/linde-t/01/index.djvu?djvuopts&page=740&zoom=width&showposition=0.309,0.375&highlight=1314,3941,329,95;U+1E83;※ Ẃ
LATIN SMALL LETTER W WITH ACUTE;http://djvu.szukajwslownikach.uw.edu.pl/linde-t/02/index.djvu?djvuopts&page=292&zoom=width&showposition=0.760,0.602&highlight=3455,2498,337,84;U+1E83;※ Ẃ
LATIN SMALL LETTER W WITH ACUTE;http://djvu.szukajwslownikach.uw.edu.pl/linde-t/06/index.djvu?djvuopts&page=1144&zoom=width&showposition=0.762,0.856&highlight=3551,878,322,89;U+1E83;※ Ẃ
LATIN SMALL LETTER W WITH ACUTE;http://djvu.szukajwslownikach.uw.edu.pl/linde-t/06/index.djvu?djvuopts&page=526&zoom=width&showposition=0.200,0.708&highlight=737,1806,336,99;U+1E83;※ Ẃ
LATIN SMALL LETTER W WITH ACUTE;http://djvu.szukajwslownikach.uw.edu.pl/linde-t/05/index.djvu?djvuopts&page=176&zoom=width&showposition=0.609,0.526&highlight=2763,2957,292,119;U+1E83;※ Ẃ
LATIN SMALL LETTER W WITH ACUTE;http://djvu.szukajwslownikach.uw.edu.pl/linde-t/03/index.djvu?djvuopts&page=490&zoom=width&showposition=0.651,0.696&highlight=2997,1879,267,124;U+1E83;※ Ẃ
LATIN SMALL LETTER W WITH ACUTE;http://djvu.szukajwslownikach.uw.edu.pl/linde-t/06/index.djvu?djvuopts&page=1139&zoom=width&showposition=0.142,0.631&highlight=585,2302,253,124;U+1E83;※ Ẃ
LATIN SMALL LETTER W WITH ACUTE;http://djvu.szukajwslownikach.uw.edu.pl/linde-t/06/index.djvu?djvuopts&page=683&zoom=width&showposition=0.337,0.689&highlight=1468,1925,297,118;U+1E83;※ Ẃ
LATIN SMALL LETTER W WITH ACUTE;http://djvu.szukajwslownikach.uw.edu.pl/linde-t/06/index.djvu?djvuopts&page=567&zoom=width&showposition=0.156,0.113&highlight=559,5601,346,144;U+1E83;※ Ẃ
LATIN SMALL LETTER W WITH ACUTE;http://djvu.szukajwslownikach.uw.edu.pl/linde-t/02/index.djvu?djvuopts&page=358&zoom=width&showposition=0.371,0.781&highlight=1626,1348,277,104;U+1E83;※ Ẃ
LATIN SMALL LETTER W WITH ACUTE;http://djvu.szukajwslownikach.uw.edu.pl/linde-t/06/index.djvu?djvuopts&page=1142&zoom=width&showposition=0.357,0.122&highlight=1592,5547,307,104;U+1E83;※ Ẃ
