becowanie;http://djvu.szukajwslownikach.uw.edu.pl/linde-t/04/index.djvu?djvuopts&page=599&zoom=width&showposition=0.627,0.871&highlight=2844,772,372,94#LindeNowy;Józef Pudzikowski, Jan Wawrzyńczyk. 2017. “Hasłownikolog Linde.” In Wokół 300 Tysięcy Polskich Słów. Wstęp Do Hasłownikologii, 281–84.;
becowanie garbarskie;http://djvu.szukajwslownikach.uw.edu.pl/linde-t/05/index.djvu?djvuopts&page=473&zoom=width&showposition=0.586,0.766&highlight=2614,1443,762,81#LindeNowy;Józef Pudzikowski, Jan Wawrzyńczyk. 2017. “Hasłownikolog Linde.” In Wokół 300 Tysięcy Polskich Słów. Wstęp Do Hasłownikologii, 281–84.;
lutowy;http://djvu.szukajwslownikach.uw.edu.pl/linde-t/02/index.djvu?djvuopts&page=690&zoom=width&showposition=0.479,0.454&highlight=2129,3436,293,98#LindeNowy;Józef Pudzikowski, Jan Wawrzyńczyk. 2017. “Hasłownikolog Linde.” In Wokół 300 Tysięcy Polskich Słów. Wstęp Do Hasłownikologii, 281–84.;
Maureusz;http://djvu.szukajwslownikach.uw.edu.pl/linde/index.djvu?djvuopts&page=2734&zoom=width&showposition=0.709,0.160&highlight=1612,2688,170,39#Linde;Józef Pudzikowski, Jan Wawrzyńczyk. 2017. “Hasłownikolog Linde.” In Wokół 300 Tysięcy Polskich Słów. Wstęp Do Hasłownikologii, 281–84.;
niepowiewny;http://djvu.szukajwslownikach.uw.edu.pl/linde/index.djvu?djvuopts&page=2675&zoom=width&showposition=0.186,0.695&highlight=332,933,211,37#Linde;Józef Pudzikowski, Jan Wawrzyńczyk. 2017. “Hasłownikolog Linde.” In Wokół 300 Tysięcy Polskich Słów. Wstęp Do Hasłownikologii, 281–84.;
nieuczosaniec;http://djvu.szukajwslownikach.uw.edu.pl/linde/index.djvu?djvuopts&page=1693&zoom=width&showposition=0.793,0.211&highlight=1788,2522,231,28#Linde;Józef Pudzikowski, Jan Wawrzyńczyk. 2017. “Hasłownikolog Linde.” In Wokół 300 Tysięcy Polskich Słów. Wstęp Do Hasłownikologii, 281–84.;
podtatusieć;http://djvu.szukajwslownikach.uw.edu.pl/linde/index.djvu?djvuopts&page=3566&zoom=width&showposition=0.262,0.554&highlight=534,1401,194,34#Linde;Józef Pudzikowski, Jan Wawrzyńczyk. 2017. “Hasłownikolog Linde.” In Wokół 300 Tysięcy Polskich Słów. Wstęp Do Hasłownikologii, 281–84.;
podwecować;http://djvu.szukajwslownikach.uw.edu.pl/linde/index.djvu?djvuopts&page=2415&zoom=width&showposition=0.739,0.549&highlight=1671,1433,215,26#Linde;Józef Pudzikowski, Jan Wawrzyńczyk. 2017. “Hasłownikolog Linde.” In Wokół 300 Tysięcy Polskich Słów. Wstęp Do Hasłownikologii, 281–84.;
przecista;http://djvu.szukajwslownikach.uw.edu.pl/linde-t/04/index.djvu?djvuopts&page=508&zoom=width&showposition=0.292,0.424&highlight=1233,3638,370,77#LindeNowy;Józef Pudzikowski, Jan Wawrzyńczyk. 2017. “Hasłownikolog Linde.” In Wokół 300 Tysięcy Polskich Słów. Wstęp Do Hasłownikologii, 281–84.;
przebecować;http://djvu.szukajwslownikach.uw.edu.pl/linde/index.djvu?djvuopts&page=2763&zoom=width&showposition=0.882,0.859&highlight=1982,440,220,26#Linde;Józef Pudzikowski, Jan Wawrzyńczyk. 2017. “Hasłownikolog Linde.” In Wokół 300 Tysięcy Polskich Słów. Wstęp Do Hasłownikologii, 281–84.;
przedniedzielny;http://djvu.szukajwslownikach.uw.edu.pl/linde/index.djvu?djvuopts&page=3270&zoom=width&showposition=0.283,0.747&highlight=553,776,267,32#Linde;Józef Pudzikowski, Jan Wawrzyńczyk. 2017. “Hasłownikolog Linde.” In Wokół 300 Tysięcy Polskich Słów. Wstęp Do Hasłownikologii, 281–84.;
niczegoista;http://djvu.szukajwslownikach.uw.edu.pl/linde-t/04/index.djvu?djvuopts&page=508&zoom=width&showposition=0.774,0.083&highlight=480,3550,2036,264#LindeNowy;Józef Pudzikowski, Jan Wawrzyńczyk. 2017. “Hasłownikolog Linde.” In Wokół 300 Tysięcy Polskich Słów. Wstęp Do Hasłownikologii, 281–84.;
niczegoista;http://djvu.szukajwslownikach.uw.edu.pl/linde-t/03/index.djvu?djvuopts&page=315&zoom=width&showposition=0.262,0.086&highlight=2393,1481,2019,200#LindeNowy;Józef Pudzikowski, Jan Wawrzyńczyk. 2017. “Hasłownikolog Linde.” In Wokół 300 Tysięcy Polskich Słów. Wstęp Do Hasłownikologii, 281–84.;
wybieżka;http://djvu.szukajwslownikach.uw.edu.pl/linde-t/04/index.djvu?djvuopts&page=511&zoom=width&showposition=0.576,0.211&highlight=2614,4972,336,126#LindeNowy;Józef Pudzikowski, Jan Wawrzyńczyk. 2017. “Hasłownikolog Linde.” In Wokół 300 Tysięcy Polskich Słów. Wstęp Do Hasłownikologii, 281–84.;
wybieżka;http://djvu.szukajwslownikach.uw.edu.pl/linde-t/02/index.djvu?djvuopts&page=441&zoom=width&showposition=0.086,0.512&highlight=252,3064,330,96#LindeNowy;Józef Pudzikowski, Jan Wawrzyńczyk. 2017. “Hasłownikolog Linde.” In Wokół 300 Tysięcy Polskich Słów. Wstęp Do Hasłownikologii, 281–84.;
